case_type,id,problem_index,problem_id,node_id,low_metrics,all_scores,node_type,node_content,node_reasoning_logic,parent_ids,parent_contents,cot,review_status,error_type,note,fix_suggestion
node,0_O,0,prob_7b486400bc83f622abfc8115,O,"{""Fidelity"": 3}","{""Fidelity"": 3, ""Atomicity"": 10}",综合归纳,该 SMILES 表达式代表三甲基硅醇负离子（或三甲基硅氧基负离子）。,直接解析给定的 SMILES 字符串结构得出化学实体名称。,,,The SMILES expression is Si(C)(C)(C)O[O-].,,,,
node,14_I_1,14,open_ed8866ea0627d8137b3c0292,I_1,"{""Atomicity"": 0}","{""Fidelity"": 10, ""Atomicity"": 0}",对比分析,在甲醇和乙醇这两种最可能与水互溶的物质中，确定乙醇为最终答案。,根据题目陈述的互溶性事实，从候选物质中选择乙醇作为结论。,,,"When in liquid state, the two substances most likely to be miscible with water are methanol and ethanol.
Therefore, the final answer is ethanol.",,,,
node,16_I_4,16,open_796f6454d48d7a1bcfc0491f,I_4,"{""Atomicity"": 2}","{""Fidelity"": 9, ""Atomicity"": 2}",逻辑推导,判定该数学表达式无实数解，因为 ln(-4) 无定义,依据负数自然对数无定义的数学原理，判定当前方程无解,,,"Given, the initial voltage \( v_{\text{IN}} = -2 \) V and the final voltage \( v_{\text{OUT}} = -10 \) V.
The time constant \( \tau = 10 \) ms.
Using the formula for the time constant in an RC circuit, \( \tau = RC \).
Since \( \tau = 10 \) ms, we can calculate the time it takes for the voltage to reach -10 V using the formula for the voltage across a capacitor in an RC circuit: \( v(t) = v_{\text{IN}}(1 - e^{-t/\tau}) \).
Rearranging the formula to solve for \( t \), we get \( t = -\tau \ln(1 - \frac{v(t)}{v_{\text{IN}}}) \).
Substituting the given values, \( t = -10 \ln(1 - \frac{-10}{-2}) \).
Calculating the logarithm, \( t = -10 \ln(1 - 5) \).
Simplifying the expression, \( t = -10 \ln(-4) \).
Since the natural logarithm of a negative number is undefined, the output voltage will never reach -10 V.
Therefore, the output voltage will not cross -10 V at any time.
Therefore, the final answer is the output voltage will not cross -10 V at any time.",,,,
node,17_C_2,17,prob_52d197faa1191a99b1ad549e,C_2,"{""Atomicity"": 0}","{""Fidelity"": 10, ""Atomicity"": 0}",文字条件,已知培养基体积分别为 1 升、0.5 升和 0.25 升。,,,,"题干给出，水跳蚤在不同体积的培养基中繁殖。
已知，培养基体积分别为1升、0.5升和0.25升。
根据图表，可得公式：后代数量与培养基体积的关系。
将1升培养基的数据代入上述公式，可得后代数量最多。
将0.5升培养基的数据代入上述公式，可得后代数量次之。
将0.25升培养基的数据代入上述公式，可得后代数量最少。
由于培养基体积越大，后代数量越多，所以培养基体积与后代数量呈正相关。
因此，最终答案是 培养基体积与后代数量呈正相关。",,,,
node,17_I_3,17,prob_52d197faa1191a99b1ad549e,I_3,"{""Atomicity"": 0}","{""Fidelity"": 10, ""Atomicity"": 0}",数值计算,将 0.25 升培养基的数据代入公式，可得后代数量最少。,将 0.25 升数据代入关系公式进行计算。,,,"题干给出，水跳蚤在不同体积的培养基中繁殖。
已知，培养基体积分别为1升、0.5升和0.25升。
根据图表，可得公式：后代数量与培养基体积的关系。
将1升培养基的数据代入上述公式，可得后代数量最多。
将0.5升培养基的数据代入上述公式，可得后代数量次之。
将0.25升培养基的数据代入上述公式，可得后代数量最少。
由于培养基体积越大，后代数量越多，所以培养基体积与后代数量呈正相关。
因此，最终答案是 培养基体积与后代数量呈正相关。",,,,
node,17_I_5,17,prob_52d197faa1191a99b1ad549e,I_5,"{""Atomicity"": 0}","{""Fidelity"": 10, ""Atomicity"": 0}",逻辑推导,由于培养基体积越大，后代数量越多，所以培养基体积与后代数量呈正相关。,基于对比结果归纳变量间的变化趋势。,,,"题干给出，水跳蚤在不同体积的培养基中繁殖。
已知，培养基体积分别为1升、0.5升和0.25升。
根据图表，可得公式：后代数量与培养基体积的关系。
将1升培养基的数据代入上述公式，可得后代数量最多。
将0.5升培养基的数据代入上述公式，可得后代数量次之。
将0.25升培养基的数据代入上述公式，可得后代数量最少。
由于培养基体积越大，后代数量越多，所以培养基体积与后代数量呈正相关。
因此，最终答案是 培养基体积与后代数量呈正相关。",,,,
node,3_O,3,open_4b1647e8fc06fa8c037d7d0e,O,"{""Atomicity"": 0}","{""Fidelity"": 10, ""Atomicity"": 0}",综合归纳,拉萨位于宽阔的拉萨河谷地北侧，且白天温度较高，不易形成降水。,综合上述推理步骤，得出最终关于拉萨 7 月白天降水不易形成原因的结论。,,,"题干给出，拉萨7月降水量日平均变化图。
已知，拉萨位于宽阔的拉萨河谷地北侧。
根据图示，可得公式：拉萨7月白天降水不易形成的原因与地形和温度有关。
将地形和温度代入上述公式，可得拉萨7月白天降水不易形成的原因是拉萨位于宽阔的拉萨河谷地北侧，且白天温度较高，不易形成降水。
因此，最终答案是 拉萨位于宽阔的拉萨河谷地北侧，且白天温度较高，不易形成降水。",,,,
node,6_C_2,6,prob_3545170186e315c8b4d28db4,C_2,"{""Atomicity"": 3}","{""Fidelity"": 8, ""Atomicity"": 3}",学科常识,若环境中某种性状变得更为普遍，表明该环境变化有利于具有该性状的个体。,,,,"The figure shows a change in the bird population over time, with different beak shapes becoming more common.
This suggests that the environment has changed in a way that favors birds with certain beak shapes.
Therefore, the environment has likely become more selective for specific beak shapes in the bird population.",,,,
node,7_I_1,7,prob_2fcf7493e064258ba4a349f8,I_1,"{""Atomicity"": 3}","{""Fidelity"": 7, ""Atomicity"": 3}",逻辑推导,基于图像中的原子连接关系（环己烷骨架、酰胺基团、溴原子），构建对应的 SMILES 字符串。,识别分子拓扑结构：一个六元碳环，其中一个碳连接溴原子 (Br)，另一个碳连接乙酰胺基团 (-C(=O)N)，将其转化为线性符号表示。,,,"The SMILES expression of the transition-state structure shown in the image, ignoring the arrows, is C1CC(C(=O)N)CC1Br.",,,,
relationship,0_O,0,prob_7b486400bc83f622abfc8115,O,"{""Reasoning_Logic_Accuracy"": 0, ""Reasoning_Type_Accuracy"": 0}","{""Dependency_Completeness"": 10, ""Dependency_Accuracy"": 10, ""Reasoning_Logic_Accuracy"": 0, ""Reasoning_Type_Accuracy"": 0}",综合归纳,该 SMILES 表达式代表三甲基硅醇负离子（或三甲基硅氧基负离子）。,直接解析给定的 SMILES 字符串结构得出化学实体名称。,C_1,题目给出的 SMILES 表达式为 Si(C)(C)(C)O[O-]。,The SMILES expression is Si(C)(C)(C)O[O-].,,,,
relationship,10_I_1,10,prob_946a53111122806c19998851,I_1,"{""Reasoning_Type_Accuracy"": 4}","{""Dependency_Completeness"": 10, ""Dependency_Accuracy"": 10, ""Reasoning_Logic_Accuracy"": 10, ""Reasoning_Type_Accuracy"": 4}",综合归纳,根据计数规则，将双键、三键及各类单键汇总，得出键的总数为 10。,依据给定的计数规则对结构中提到的所有键类型进行加总统计。,C_1|C_2|C_3|C_4|C_5,"结构中包含一个双键 (C=O)。
结构中包含一个三键 (N≡N)。
结构中包含若干个碳原子与碳原子之间的单键。
结构中包含若干个碳原子与氮原子之间的单键。
计数规则为：每种类型的键只计数一次，无论其多重性如何。","The structure contains one double bond (C=O), one triple bond (N≡N), and several single bonds between carbon atoms and between carbon and nitrogen. Counting each type of bond once, regardless of its multiplicity, gives a total of 10 bonds. Therefore, the total number of bonds in the structure is 10.",,,,
relationship,11_O,11,open_cdfa4abd00751289e53a9cf1,O,"{""Reasoning_Type_Accuracy"": 2}","{""Dependency_Completeness"": 10, ""Dependency_Accuracy"": 10, ""Reasoning_Logic_Accuracy"": 8, ""Reasoning_Type_Accuracy"": 2}",综合归纳,最终答案是 50 米。,综合上述计算结果得出最终结论。,I_2,计算得出断崖的最小高差 = 50 米。,"题干给出，图中断崖的最小高差可能是多少米？
已知，等高线图中相邻等高线的高差为50米。
根据等高线图原理，可得公式：断崖的最小高差 = 相邻等高线的高差。
将相邻等高线的高差代入上述公式，可得断崖的最小高差 = 50米。
因此，最终答案是 50米。",,,,
relationship,12_O,12,prob_dc4459f18d9a0bfc524c910b,O,"{""Reasoning_Type_Accuracy"": 0}","{""Dependency_Completeness"": 10, ""Dependency_Accuracy"": 10, ""Reasoning_Logic_Accuracy"": 8.5, ""Reasoning_Type_Accuracy"": 0}",综合归纳,因此，a 是腺嘌呤（adenine）。,基于中间推导步骤得出最终结论。,I_1,根据碱基配对规则，若 1 是胸腺嘧啶，则与其配对的 a 必须是腺嘌呤。,"If 1 is thymine, then a must be adenine.
According to the base pairing rules in DNA, adenine pairs with thymine.
Therefore, a is adenine.",,,,
relationship,13_O,13,prob_ab641c8582b980cce0e97c0b,O,"{""Reasoning_Type_Accuracy"": 0}","{""Dependency_Completeness"": 10, ""Dependency_Accuracy"": 10, ""Reasoning_Logic_Accuracy"": 10, ""Reasoning_Type_Accuracy"": 0}",综合归纳,电子重排后的分子 SMILES 表达式是 C(=O)C(=O)C。,直接提取题目给出的最终状态描述作为结论。,C_1,题目陈述：电子重排后的分子 SMILES 表达式为 C(=O)C(=O)C。,The SMILES expression for the molecule after the electron has been relocated is C(=O)C(=O)C.,,,,
relationship,15_O,15,prob_dd2baaf5f941225d72a96b49,O,"{""Reasoning_Type_Accuracy"": 0}","{""Dependency_Completeness"": 10, ""Dependency_Accuracy"": 10, ""Reasoning_Logic_Accuracy"": 9, ""Reasoning_Type_Accuracy"": 0}",综合归纳,不进行有丝分裂的细胞类型是成熟红细胞。,直接基于已知生物学事实得出结论。,C_1,成熟红细胞不进行有丝分裂。,The cell type that does not undergo mitosis is the mature red blood cell.,,,,
relationship,16_I_1,16,open_796f6454d48d7a1bcfc0491f,I_1,"{""Reasoning_Type_Accuracy"": 0}","{""Dependency_Completeness"": 10, ""Dependency_Accuracy"": 10, ""Reasoning_Logic_Accuracy"": 10, ""Reasoning_Type_Accuracy"": 0}",条件转化,将电压公式变形为求解时间 t 的表达式：t = -τ ln(1 - v(t)/v_IN),对 RC 电路电压公式进行代数变形以隔离变量 t,C_4,RC 电路电容电压公式为 v(t) = v_IN(1 - e^{-t/τ}),"Given, the initial voltage \( v_{\text{IN}} = -2 \) V and the final voltage \( v_{\text{OUT}} = -10 \) V.
The time constant \( \tau = 10 \) ms.
Using the formula for the time constant in an RC circuit, \( \tau = RC \).
Since \( \tau = 10 \) ms, we can calculate the time it takes for the voltage to reach -10 V using the formula for the voltage across a capacitor in an RC circuit: \( v(t) = v_{\text{IN}}(1 - e^{-t/\tau}) \).
Rearranging the formula to solve for \( t \), we get \( t = -\tau \ln(1 - \frac{v(t)}{v_{\text{IN}}}) \).
Substituting the given values, \( t = -10 \ln(1 - \frac{-10}{-2}) \).
Calculating the logarithm, \( t = -10 \ln(1 - 5) \).
Simplifying the expression, \( t = -10 \ln(-4) \).
Since the natural logarithm of a negative number is undefined, the output voltage will never reach -10 V.
Therefore, the output voltage will not cross -10 V at any time.
Therefore, the final answer is the output voltage will not cross -10 V at any time.",,,,
relationship,16_I_3,16,open_796f6454d48d7a1bcfc0491f,I_3,"{""Reasoning_Type_Accuracy"": 2}","{""Dependency_Completeness"": 6.7, ""Dependency_Accuracy"": 10, ""Reasoning_Logic_Accuracy"": 7.5, ""Reasoning_Type_Accuracy"": 2}",逻辑推导,得出计算式 t = -10 ln(-4)，其中包含对负数求自然对数,将时间常数和上一步计算结果组合，形成最终待计算的数学表达式,C_3|I_2,"题目给定时间常数 τ = 10 ms
代入数值计算对数项内部表达式：1 - (-10)/(-2) = 1 - 5 = -4","Given, the initial voltage \( v_{\text{IN}} = -2 \) V and the final voltage \( v_{\text{OUT}} = -10 \) V.
The time constant \( \tau = 10 \) ms.
Using the formula for the time constant in an RC circuit, \( \tau = RC \).
Since \( \tau = 10 \) ms, we can calculate the time it takes for the voltage to reach -10 V using the formula for the voltage across a capacitor in an RC circuit: \( v(t) = v_{\text{IN}}(1 - e^{-t/\tau}) \).
Rearranging the formula to solve for \( t \), we get \( t = -\tau \ln(1 - \frac{v(t)}{v_{\text{IN}}}) \).
Substituting the given values, \( t = -10 \ln(1 - \frac{-10}{-2}) \).
Calculating the logarithm, \( t = -10 \ln(1 - 5) \).
Simplifying the expression, \( t = -10 \ln(-4) \).
Since the natural logarithm of a negative number is undefined, the output voltage will never reach -10 V.
Therefore, the output voltage will not cross -10 V at any time.
Therefore, the final answer is the output voltage will not cross -10 V at any time.",,,,
relationship,16_O,16,open_796f6454d48d7a1bcfc0491f,O,"{""Reasoning_Type_Accuracy"": 0}","{""Dependency_Completeness"": 10, ""Dependency_Accuracy"": 10, ""Reasoning_Logic_Accuracy"": 9, ""Reasoning_Type_Accuracy"": 0}",综合归纳,输出电压在任何时刻都不会达到 -10 V,基于方程无实数解的推导结果，归纳出物理现象的结论,I_4,判定该数学表达式无实数解，因为 ln(-4) 无定义,"Given, the initial voltage \( v_{\text{IN}} = -2 \) V and the final voltage \( v_{\text{OUT}} = -10 \) V.
The time constant \( \tau = 10 \) ms.
Using the formula for the time constant in an RC circuit, \( \tau = RC \).
Since \( \tau = 10 \) ms, we can calculate the time it takes for the voltage to reach -10 V using the formula for the voltage across a capacitor in an RC circuit: \( v(t) = v_{\text{IN}}(1 - e^{-t/\tau}) \).
Rearranging the formula to solve for \( t \), we get \( t = -\tau \ln(1 - \frac{v(t)}{v_{\text{IN}}}) \).
Substituting the given values, \( t = -10 \ln(1 - \frac{-10}{-2}) \).
Calculating the logarithm, \( t = -10 \ln(1 - 5) \).
Simplifying the expression, \( t = -10 \ln(-4) \).
Since the natural logarithm of a negative number is undefined, the output voltage will never reach -10 V.
Therefore, the output voltage will not cross -10 V at any time.
Therefore, the final answer is the output voltage will not cross -10 V at any time.",,,,
relationship,18_O,18,prob_d97cad4aa260094748e1ccc7,O,"{""Dependency_Accuracy"": 0, ""Reasoning_Logic_Accuracy"": 4, ""Reasoning_Type_Accuracy"": 0}","{""Dependency_Completeness"": 10, ""Dependency_Accuracy"": 0, ""Reasoning_Logic_Accuracy"": 4, ""Reasoning_Type_Accuracy"": 0}",综合归纳,神经元永久停滞在细胞周期的 G0 期。,直接基于已知生物学事实得出最终陈述。,C_1,神经元永久停滞在细胞周期的 G0 期。,Neurons are permanently arrested in the G0 phase of the cell cycle.,,,,
relationship,19_O,19,prob_bb0273513bcf7eb274ee6d95,O,"{""Reasoning_Type_Accuracy"": 0}","{""Dependency_Completeness"": 10, ""Dependency_Accuracy"": 10, ""Reasoning_Logic_Accuracy"": 10, ""Reasoning_Type_Accuracy"": 0}",综合归纳,电子重排后的分子结构由 SMILES 表达式 C(=O)N(R1)C(=O)O 定义。,直接提取题目给出的最终状态描述作为结论。,C_1,题目指出电子重排后的分子 SMILES 表达式为 C(=O)N(R1)C(=O)O。,The SMILES expression for the molecule after the electron has been relocated is C(=O)N(R1)C(=O)O.,,,,
relationship,1_O,1,prob_3c8d5892084a0d54156f83ef,O,"{""Reasoning_Type_Accuracy"": 0}","{""Dependency_Completeness"": 10, ""Dependency_Accuracy"": 10, ""Reasoning_Logic_Accuracy"": 10, ""Reasoning_Type_Accuracy"": 0}",综合归纳,最终答案是 5。,根据计算结果得出最终结论。,I_1,计算总键数为 1 + 1 + 3 = 5。,"The structure contains one triple bond (N=N=N), one double bond (N=N), and three single bonds (N-C, C-C, and C-N).
Therefore, the total number of bonds in the structure is 1 + 1 + 3 = 5.
Therefore, the final answer is 5.",,,,
relationship,2_I_3,2,open_293e18e2857b947b84259d4a,I_3,"{""Reasoning_Type_Accuracy"": 0}","{""Dependency_Completeness"": 10, ""Dependency_Accuracy"": 10, ""Reasoning_Logic_Accuracy"": 10, ""Reasoning_Type_Accuracy"": 0}",数值计算,确定错误的 S-O 键级数值为 1。,将定性描述“单键”转化为数值 1。,I_2,识别出关于 S-O 键级的错误说法是“它是单键”。,"The skeleton structure suggests a trigonal planar geometry for the SO3 molecule with sulfur at the center and three oxygen atoms surrounding it.
Each oxygen atom will have six valence electrons, and sulfur will have six valence electrons as well.
To achieve octet fulfillment for all atoms, double bonds are formed between sulfur and each oxygen atom.
The Lewis structure shows that each S-O bond is a double bond.
The incorrect claim about the S-O bond order in this molecule is that it is a single bond.
Therefore, the incorrect S-O bond order claimed is one.",,,,
relationship,2_O,2,open_293e18e2857b947b84259d4a,O,"{""Dependency_Completeness"": 0, ""Dependency_Accuracy"": 0, ""Reasoning_Logic_Accuracy"": 4, ""Reasoning_Type_Accuracy"": 0}","{""Dependency_Completeness"": 0, ""Dependency_Accuracy"": 0, ""Reasoning_Logic_Accuracy"": 4, ""Reasoning_Type_Accuracy"": 0}",综合归纳,因此，被声称的错误 S-O 键级是 1。,综合上述推理得出最终结论。,I_3,确定错误的 S-O 键级数值为 1。,"The skeleton structure suggests a trigonal planar geometry for the SO3 molecule with sulfur at the center and three oxygen atoms surrounding it.
Each oxygen atom will have six valence electrons, and sulfur will have six valence electrons as well.
To achieve octet fulfillment for all atoms, double bonds are formed between sulfur and each oxygen atom.
The Lewis structure shows that each S-O bond is a double bond.
The incorrect claim about the S-O bond order in this molecule is that it is a single bond.
Therefore, the incorrect S-O bond order claimed is one.",,,,
relationship,3_I_1,3,open_4b1647e8fc06fa8c037d7d0e,I_1,"{""Reasoning_Type_Accuracy"": 4}","{""Dependency_Completeness"": 6.7, ""Dependency_Accuracy"": 10, ""Reasoning_Logic_Accuracy"": 8, ""Reasoning_Type_Accuracy"": 4}",条件转化,将地形条件（拉萨位于宽阔的拉萨河谷地北侧）和温度条件（白天温度较高）代入公式。,识别并提取地形因素为'位于宽阔的拉萨河谷地北侧'，隐含温度因素为'白天温度较高'，将其代入 C_3 所述的因果关系模型中。,C_2|C_3,"已知拉萨位于宽阔的拉萨河谷地北侧。
根据图示可得公式：拉萨 7 月白天降水不易形成的原因与地形和温度有关。","题干给出，拉萨7月降水量日平均变化图。
已知，拉萨位于宽阔的拉萨河谷地北侧。
根据图示，可得公式：拉萨7月白天降水不易形成的原因与地形和温度有关。
将地形和温度代入上述公式，可得拉萨7月白天降水不易形成的原因是拉萨位于宽阔的拉萨河谷地北侧，且白天温度较高，不易形成降水。
因此，最终答案是 拉萨位于宽阔的拉萨河谷地北侧，且白天温度较高，不易形成降水。",,,,
relationship,4_O,4,open_a766b46b21d0c7e7afae26ae,O,"{""Dependency_Accuracy"": 0, ""Reasoning_Type_Accuracy"": 0}","{""Dependency_Completeness"": 10, ""Dependency_Accuracy"": 0, ""Reasoning_Logic_Accuracy"": 10, ""Reasoning_Type_Accuracy"": 0}",综合归纳,图示区域具有稻田、麦田交错分布的农业景观。,直接提取图像信息作为最终结论。,C_1,图示区域具有稻田、麦田交错分布的农业景观。,图示区域具有稻田、麦田交错分布的农业景观。,,,,
relationship,6_O,6,prob_3545170186e315c8b4d28db4,O,"{""Reasoning_Type_Accuracy"": 0}","{""Dependency_Completeness"": 10, ""Dependency_Accuracy"": 10, ""Reasoning_Logic_Accuracy"": 8, ""Reasoning_Type_Accuracy"": 0}",综合归纳,环境可能已变得对鸟类种群中的特定喙形更具选择性。,综合前述推导，得出环境对特定喙形产生选择性压力的最终结论。,I_1,环境发生了变化，以利于具有特定喙形的鸟类。,"The figure shows a change in the bird population over time, with different beak shapes becoming more common.
This suggests that the environment has changed in a way that favors birds with certain beak shapes.
Therefore, the environment has likely become more selective for specific beak shapes in the bird population.",,,,
relationship,7_I_1,7,prob_2fcf7493e064258ba4a349f8,I_1,"{""Reasoning_Type_Accuracy"": 3}","{""Dependency_Completeness"": 10, ""Dependency_Accuracy"": 10, ""Reasoning_Logic_Accuracy"": 9, ""Reasoning_Type_Accuracy"": 3}",逻辑推导,基于图像中的原子连接关系（环己烷骨架、酰胺基团、溴原子），构建对应的 SMILES 字符串。,识别分子拓扑结构：一个六元碳环，其中一个碳连接溴原子 (Br)，另一个碳连接乙酰胺基团 (-C(=O)N)，将其转化为线性符号表示。,C_1|C_2,"图像展示了一个过渡态结构。
题目要求忽略结构中的箭头。","The SMILES expression of the transition-state structure shown in the image, ignoring the arrows, is C1CC(C(=O)N)CC1Br.",,,,
relationship,7_O,7,prob_2fcf7493e064258ba4a349f8,O,"{""Reasoning_Type_Accuracy"": 0}","{""Dependency_Completeness"": 7, ""Dependency_Accuracy"": 10, ""Reasoning_Logic_Accuracy"": 7, ""Reasoning_Type_Accuracy"": 0}",综合归纳,该过渡态结构的 SMILES 表达式为 C1CC(C(=O)N)CC1Br。,综合图像识别结果与格式约束，得出最终化学表达。,I_1,基于图像中的原子连接关系（环己烷骨架、酰胺基团、溴原子），构建对应的 SMILES 字符串。,"The SMILES expression of the transition-state structure shown in the image, ignoring the arrows, is C1CC(C(=O)N)CC1Br.",,,,
